[
  {
    "name": "Ibrohim ",
    "payments": [
      {
        "date": "2025-09-13",
        "amount": 200000
      },
      {
        "date": "2025-09-14",
        "amount": 200000
      },
      {
        "date": "2025-05-13",
        "amount": 400000
      }
    ]
  },
  {
    "name": "Man",
    "payments": [
      {
        "date": "2025-09-13",
        "amount": 150000
      },
      {
        "date": "2025-09-13",
        "amount": 250000
      },
      {
        "date": "2025-09-13",
        "amount": 120000
      }
    ]
  },
  {
    "name": "Hakim",
    "payments": [
      {
        "date": "2025-09-13",
        "amount": 125000
      }
    ]
  },
  {
    "name": "Adham",
    "payments": [
      {
        "date": "2025-09-11",
        "amount": 190000
      },
      {
        "date": "2025-09-13",
        "amount": 111111111111
      }
    ]
  }
]